Model,Accuracy,Precision,Recall,F1-Score
Model3,0.93,0.9550561797752809,0.9659090909090909,0.96045197740113
Model2,0.93,0.9263157894736842,1.0,0.9617486338797814
Model1,0.7,0.9833333333333333,0.6704545454545454,0.7972972972972973
Model0,0.76,0.8902439024390244,0.8295454545454546,0.8588235294117647
