,Metric,Value
0,Accuracy,0.9702970297029703
1,Precision,0.9491525423728814
2,Recall,1.0
3,F1 Score,0.9739130434782609
