,Metric,Validation,Test
0,Accuracy,0.8656716417910447,0.88
1,Precision,0.8615384615384616,0.8775510204081632
2,Recall,1.0,1.0
3,F1 Score,0.9256198347107438,0.9347826086956522
